1503074230076,23a01af0-232a-4518-9c0e-323fb773f5ef,61902,48055,-75.000000,-79.000000
1503074230076,23a01af0-232a-4518-9c0e-323fb773f5ef,61902,48056,-75.000000,-78.000000
1503074230076,23a01af0-232a-4518-9c0e-323fb773f5ef,61902,48050,-75.000000,-84.000000
1503074230076,23a01af0-232a-4518-9c0e-323fb773f5ef,61902,48057,-75.000000,-84.000000
1503074230076,23a01af0-232a-4518-9c0e-323fb773f5ef,61902,48052,-75.000000,-71.000000
1503074230076,23a01af0-232a-4518-9c0e-323fb773f5ef,61902,48054,-75.000000,-70.000000
1503074230076,23a01af0-232a-4518-9c0e-323fb773f5ef,61902,48051,-75.000000,-78.000000
1503074230506,23a01af0-232a-4518-9c0e-323fb773f5ef,61902,48050,-75.000000,-82.000000
1503074230506,23a01af0-232a-4518-9c0e-323fb773f5ef,61902,48053,-75.000000,-75.000000
1503074230946,23a01af0-232a-4518-9c0e-323fb773f5ef,61902,48056,-75.000000,-74.000000
1503074230946,23a01af0-232a-4518-9c0e-323fb773f5ef,61902,48053,-75.000000,-74.000000
1503074230946,23a01af0-232a-4518-9c0e-323fb773f5ef,61902,48055,-75.000000,-81.000000
1503074230946,23a01af0-232a-4518-9c0e-323fb773f5ef,61902,48057,-75.000000,-83.000000
1503074230946,23a01af0-232a-4518-9c0e-323fb773f5ef,61902,48052,-75.000000,-78.000000
1503074231357,23a01af0-232a-4518-9c0e-323fb773f5ef,61902,48056,-75.000000,-60.000000
1503074231357,23a01af0-232a-4518-9c0e-323fb773f5ef,61902,48051,-75.000000,-77.000000
1503074231357,23a01af0-232a-4518-9c0e-323fb773f5ef,61902,48053,-75.000000,-75.000000
1503074231357,23a01af0-232a-4518-9c0e-323fb773f5ef,61902,48055,-75.000000,-94.000000
1503074231357,23a01af0-232a-4518-9c0e-323fb773f5ef,61902,48057,-75.000000,-84.000000
1503074231780,23a01af0-232a-4518-9c0e-323fb773f5ef,61902,48056,-75.000000,-80.000000
1503074231780,23a01af0-232a-4518-9c0e-323fb773f5ef,61902,48053,-75.000000,-75.000000
1503074231780,23a01af0-232a-4518-9c0e-323fb773f5ef,61902,48055,-75.000000,-84.000000
1503074231780,23a01af0-232a-4518-9c0e-323fb773f5ef,61902,48052,-75.000000,-76.000000
1503074231780,23a01af0-232a-4518-9c0e-323fb773f5ef,61902,48054,-75.000000,-80.000000
1503074232243,23a01af0-232a-4518-9c0e-323fb773f5ef,61902,48056,-75.000000,-76.000000
1503074232243,23a01af0-232a-4518-9c0e-323fb773f5ef,61902,48051,-75.000000,-78.000000
1503074232243,23a01af0-232a-4518-9c0e-323fb773f5ef,61902,48053,-75.000000,-76.000000
1503074232243,23a01af0-232a-4518-9c0e-323fb773f5ef,61902,48054,-75.000000,-78.000000
1503074232243,23a01af0-232a-4518-9c0e-323fb773f5ef,61902,48052,-75.000000,-75.000000
1503074232696,23a01af0-232a-4518-9c0e-323fb773f5ef,61902,48056,-75.000000,-80.000000
1503074232696,23a01af0-232a-4518-9c0e-323fb773f5ef,61902,48051,-75.000000,-77.000000
1503074232696,23a01af0-232a-4518-9c0e-323fb773f5ef,61902,48053,-75.000000,-75.000000
1503074232696,23a01af0-232a-4518-9c0e-323fb773f5ef,61902,48057,-75.000000,-84.000000
1503074232696,23a01af0-232a-4518-9c0e-323fb773f5ef,61902,48052,-75.000000,-80.000000
1503074232696,23a01af0-232a-4518-9c0e-323fb773f5ef,61902,48054,-75.000000,-72.000000
1503074233123,23a01af0-232a-4518-9c0e-323fb773f5ef,61902,48051,-75.000000,-75.000000
1503074233123,23a01af0-232a-4518-9c0e-323fb773f5ef,61902,48053,-75.000000,-78.000000
1503074233123,23a01af0-232a-4518-9c0e-323fb773f5ef,61902,48054,-75.000000,-75.000000
1503074233123,23a01af0-232a-4518-9c0e-323fb773f5ef,61902,48057,-75.000000,-80.000000
1503074233595,23a01af0-232a-4518-9c0e-323fb773f5ef,61902,48056,-75.000000,-79.000000
1503074233595,23a01af0-232a-4518-9c0e-323fb773f5ef,61902,48051,-75.000000,-75.000000
1503074233595,23a01af0-232a-4518-9c0e-323fb773f5ef,61902,48053,-75.000000,-78.000000
1503074233595,23a01af0-232a-4518-9c0e-323fb773f5ef,61902,48052,-75.000000,-74.000000
1503074234002,23a01af0-232a-4518-9c0e-323fb773f5ef,61902,48056,-75.000000,-76.000000
1503074234002,23a01af0-232a-4518-9c0e-323fb773f5ef,61902,48049,-75.000000,-86.000000
1503074234002,23a01af0-232a-4518-9c0e-323fb773f5ef,61902,48051,-75.000000,-72.000000
1503074234002,23a01af0-232a-4518-9c0e-323fb773f5ef,61902,48052,-75.000000,-70.000000
1503074234439,23a01af0-232a-4518-9c0e-323fb773f5ef,61902,48051,-75.000000,-72.000000
1503074234439,23a01af0-232a-4518-9c0e-323fb773f5ef,61902,48054,-75.000000,-72.000000
1503074234856,23a01af0-232a-4518-9c0e-323fb773f5ef,61902,48056,-75.000000,-76.000000
1503074234856,23a01af0-232a-4518-9c0e-323fb773f5ef,61902,48049,-75.000000,-86.000000
1503074234856,23a01af0-232a-4518-9c0e-323fb773f5ef,61902,48050,-75.000000,-81.000000
1503074234856,23a01af0-232a-4518-9c0e-323fb773f5ef,61902,48051,-75.000000,-72.000000
1503074234856,23a01af0-232a-4518-9c0e-323fb773f5ef,61902,48054,-75.000000,-72.000000
1503074234856,23a01af0-232a-4518-9c0e-323fb773f5ef,61902,48052,-75.000000,-68.000000
1503074235280,23a01af0-232a-4518-9c0e-323fb773f5ef,61902,48050,-75.000000,-77.000000
1503074235280,23a01af0-232a-4518-9c0e-323fb773f5ef,61902,48057,-75.000000,-82.000000
1503074235280,23a01af0-232a-4518-9c0e-323fb773f5ef,61902,48054,-75.000000,-76.000000
1503074235709,23a01af0-232a-4518-9c0e-323fb773f5ef,61902,48056,-75.000000,-76.000000
1503074235709,23a01af0-232a-4518-9c0e-323fb773f5ef,61902,48050,-75.000000,-80.000000
1503074235709,23a01af0-232a-4518-9c0e-323fb773f5ef,61902,48051,-75.000000,-71.000000
1503074235709,23a01af0-232a-4518-9c0e-323fb773f5ef,61902,48054,-75.000000,-75.000000
1503074235709,23a01af0-232a-4518-9c0e-323fb773f5ef,61902,48052,-75.000000,-70.000000
1503074236155,23a01af0-232a-4518-9c0e-323fb773f5ef,61902,48050,-75.000000,-80.000000
1503074236155,23a01af0-232a-4518-9c0e-323fb773f5ef,61902,48051,-75.000000,-74.000000
1503074236155,23a01af0-232a-4518-9c0e-323fb773f5ef,61902,48055,-75.000000,-80.000000
1503074236155,23a01af0-232a-4518-9c0e-323fb773f5ef,61902,48054,-75.000000,-76.000000
1503074236591,23a01af0-232a-4518-9c0e-323fb773f5ef,61902,48056,-75.000000,-77.000000
1503074236591,23a01af0-232a-4518-9c0e-323fb773f5ef,61902,48051,-75.000000,-74.000000
1503074236591,23a01af0-232a-4518-9c0e-323fb773f5ef,61902,48054,-75.000000,-75.000000
1503074236591,23a01af0-232a-4518-9c0e-323fb773f5ef,61902,48052,-75.000000,-69.000000
1503074237014,23a01af0-232a-4518-9c0e-323fb773f5ef,61902,48056,-75.000000,-79.000000
1503074237014,23a01af0-232a-4518-9c0e-323fb773f5ef,61902,48050,-75.000000,-81.000000
1503074237014,23a01af0-232a-4518-9c0e-323fb773f5ef,61902,48051,-75.000000,-72.000000
1503074237014,23a01af0-232a-4518-9c0e-323fb773f5ef,61902,48055,-75.000000,-84.000000
1503074237014,23a01af0-232a-4518-9c0e-323fb773f5ef,61902,48052,-75.000000,-69.000000
1503074237014,23a01af0-232a-4518-9c0e-323fb773f5ef,61902,48054,-75.000000,-73.000000
1503074237470,23a01af0-232a-4518-9c0e-323fb773f5ef,61902,48056,-75.000000,-78.000000
1503074237470,23a01af0-232a-4518-9c0e-323fb773f5ef,61902,48049,-75.000000,-82.000000
1503074237470,23a01af0-232a-4518-9c0e-323fb773f5ef,61902,48050,-75.000000,-80.000000
1503074237470,23a01af0-232a-4518-9c0e-323fb773f5ef,61902,48051,-75.000000,-71.000000
1503074237470,23a01af0-232a-4518-9c0e-323fb773f5ef,61902,48055,-75.000000,-80.000000
1503074237470,23a01af0-232a-4518-9c0e-323fb773f5ef,61902,48052,-75.000000,-69.000000
1503074237869,23a01af0-232a-4518-9c0e-323fb773f5ef,61902,48056,-75.000000,-75.000000
1503074237869,23a01af0-232a-4518-9c0e-323fb773f5ef,61902,48050,-75.000000,-79.000000
1503074237869,23a01af0-232a-4518-9c0e-323fb773f5ef,61902,48051,-75.000000,-72.000000
1503074237869,23a01af0-232a-4518-9c0e-323fb773f5ef,61902,48055,-75.000000,-84.000000
1503074237869,23a01af0-232a-4518-9c0e-323fb773f5ef,61902,48052,-75.000000,-75.000000
1503074237869,23a01af0-232a-4518-9c0e-323fb773f5ef,61902,48054,-75.000000,-73.000000
1503074238300,23a01af0-232a-4518-9c0e-323fb773f5ef,61902,48051,-75.000000,-71.000000
1503074238300,23a01af0-232a-4518-9c0e-323fb773f5ef,61902,48054,-75.000000,-72.000000
1503074238300,23a01af0-232a-4518-9c0e-323fb773f5ef,61902,48052,-75.000000,-71.000000
1503074238300,23a01af0-232a-4518-9c0e-323fb773f5ef,61902,48057,-75.000000,-82.000000
1503074238731,23a01af0-232a-4518-9c0e-323fb773f5ef,61902,48056,-75.000000,-77.000000
1503074238731,23a01af0-232a-4518-9c0e-323fb773f5ef,61902,48049,-75.000000,-84.000000
1503074238731,23a01af0-232a-4518-9c0e-323fb773f5ef,61902,48050,-75.000000,-80.000000
1503074238731,23a01af0-232a-4518-9c0e-323fb773f5ef,61902,48051,-75.000000,-82.000000
1503074238731,23a01af0-232a-4518-9c0e-323fb773f5ef,61902,48053,-75.000000,-76.000000
1503074238731,23a01af0-232a-4518-9c0e-323fb773f5ef,61902,48055,-75.000000,-77.000000
1503074238731,23a01af0-232a-4518-9c0e-323fb773f5ef,61902,48052,-75.000000,-75.000000
1503074238731,23a01af0-232a-4518-9c0e-323fb773f5ef,61902,48054,-75.000000,-70.000000
1503074239155,23a01af0-232a-4518-9c0e-323fb773f5ef,61902,48056,-75.000000,-77.000000
1503074239155,23a01af0-232a-4518-9c0e-323fb773f5ef,61902,48049,-75.000000,-86.000000
1503074239155,23a01af0-232a-4518-9c0e-323fb773f5ef,61902,48050,-75.000000,-78.000000
1503074239155,23a01af0-232a-4518-9c0e-323fb773f5ef,61902,48051,-75.000000,-80.000000
1503074239155,23a01af0-232a-4518-9c0e-323fb773f5ef,61902,48053,-75.000000,-81.000000
1503074239155,23a01af0-232a-4518-9c0e-323fb773f5ef,61902,48055,-75.000000,-75.000000
1503074239155,23a01af0-232a-4518-9c0e-323fb773f5ef,61902,48054,-75.000000,-71.000000
1503074239155,23a01af0-232a-4518-9c0e-323fb773f5ef,61902,48052,-75.000000,-74.000000
1503074239580,23a01af0-232a-4518-9c0e-323fb773f5ef,61902,48056,-75.000000,-77.000000
1503074239580,23a01af0-232a-4518-9c0e-323fb773f5ef,61902,48050,-75.000000,-84.000000
1503074239580,23a01af0-232a-4518-9c0e-323fb773f5ef,61902,48051,-75.000000,-81.000000
1503074239580,23a01af0-232a-4518-9c0e-323fb773f5ef,61902,48055,-75.000000,-76.000000
1503074239580,23a01af0-232a-4518-9c0e-323fb773f5ef,61902,48052,-75.000000,-74.000000
1503074240003,23a01af0-232a-4518-9c0e-323fb773f5ef,61902,48056,-75.000000,-78.000000
1503074240003,23a01af0-232a-4518-9c0e-323fb773f5ef,61902,48049,-75.000000,-76.000000
1503074240003,23a01af0-232a-4518-9c0e-323fb773f5ef,61902,48050,-75.000000,-80.000000
1503074240003,23a01af0-232a-4518-9c0e-323fb773f5ef,61902,48051,-75.000000,-75.000000
1503074240003,23a01af0-232a-4518-9c0e-323fb773f5ef,61902,48053,-75.000000,-87.000000
1503074240003,23a01af0-232a-4518-9c0e-323fb773f5ef,61902,48055,-75.000000,-79.000000
1503074240003,23a01af0-232a-4518-9c0e-323fb773f5ef,61902,48054,-75.000000,-71.000000
1503074240003,23a01af0-232a-4518-9c0e-323fb773f5ef,61902,48052,-75.000000,-75.000000
1503074240429,23a01af0-232a-4518-9c0e-323fb773f5ef,61902,48056,-75.000000,-78.000000
1503074240429,23a01af0-232a-4518-9c0e-323fb773f5ef,61902,48050,-75.000000,-79.000000
1503074240429,23a01af0-232a-4518-9c0e-323fb773f5ef,61902,48051,-75.000000,-73.000000
1503074240429,23a01af0-232a-4518-9c0e-323fb773f5ef,61902,48053,-75.000000,-77.000000
1503074240429,23a01af0-232a-4518-9c0e-323fb773f5ef,61902,48055,-75.000000,-78.000000
1503074240429,23a01af0-232a-4518-9c0e-323fb773f5ef,61902,48052,-75.000000,-82.000000
1503074240429,23a01af0-232a-4518-9c0e-323fb773f5ef,61902,48054,-75.000000,-70.000000
1503074240888,23a01af0-232a-4518-9c0e-323fb773f5ef,61902,48056,-75.000000,-77.000000
1503074240888,23a01af0-232a-4518-9c0e-323fb773f5ef,61902,48049,-75.000000,-86.000000
1503074240888,23a01af0-232a-4518-9c0e-323fb773f5ef,61902,48050,-75.000000,-75.000000
1503074240888,23a01af0-232a-4518-9c0e-323fb773f5ef,61902,48051,-75.000000,-74.000000
1503074240888,23a01af0-232a-4518-9c0e-323fb773f5ef,61902,48053,-75.000000,-76.000000
1503074240888,23a01af0-232a-4518-9c0e-323fb773f5ef,61902,48055,-75.000000,-78.000000
1503074240888,23a01af0-232a-4518-9c0e-323fb773f5ef,61902,48054,-75.000000,-69.000000
1503074241296,23a01af0-232a-4518-9c0e-323fb773f5ef,61902,48056,-75.000000,-78.000000
1503074241296,23a01af0-232a-4518-9c0e-323fb773f5ef,61902,48049,-75.000000,-82.000000
1503074241296,23a01af0-232a-4518-9c0e-323fb773f5ef,61902,48050,-75.000000,-75.000000
1503074241296,23a01af0-232a-4518-9c0e-323fb773f5ef,61902,48053,-75.000000,-85.000000
1503074241296,23a01af0-232a-4518-9c0e-323fb773f5ef,61902,48055,-75.000000,-74.000000
1503074241296,23a01af0-232a-4518-9c0e-323fb773f5ef,61902,48057,-75.000000,-81.000000
1503074241296,23a01af0-232a-4518-9c0e-323fb773f5ef,61902,48054,-75.000000,-71.000000
1503074241733,23a01af0-232a-4518-9c0e-323fb773f5ef,61902,48056,-75.000000,-78.000000
1503074241733,23a01af0-232a-4518-9c0e-323fb773f5ef,61902,48049,-75.000000,-83.000000
1503074241733,23a01af0-232a-4518-9c0e-323fb773f5ef,61902,48050,-75.000000,-79.000000
1503074241733,23a01af0-232a-4518-9c0e-323fb773f5ef,61902,48051,-75.000000,-78.000000
1503074241733,23a01af0-232a-4518-9c0e-323fb773f5ef,61902,48053,-75.000000,-79.000000
1503074241733,23a01af0-232a-4518-9c0e-323fb773f5ef,61902,48055,-75.000000,-75.000000
1503074241733,23a01af0-232a-4518-9c0e-323fb773f5ef,61902,48054,-75.000000,-71.000000
1503074241733,23a01af0-232a-4518-9c0e-323fb773f5ef,61902,48052,-75.000000,-72.000000
1503074242156,23a01af0-232a-4518-9c0e-323fb773f5ef,61902,48049,-75.000000,-76.000000
1503074242156,23a01af0-232a-4518-9c0e-323fb773f5ef,61902,48051,-75.000000,-79.000000
1503074242156,23a01af0-232a-4518-9c0e-323fb773f5ef,61902,48053,-75.000000,-79.000000
1503074242156,23a01af0-232a-4518-9c0e-323fb773f5ef,61902,48055,-75.000000,-76.000000
1503074242156,23a01af0-232a-4518-9c0e-323fb773f5ef,61902,48052,-75.000000,-73.000000
1503074242156,23a01af0-232a-4518-9c0e-323fb773f5ef,61902,48054,-75.000000,-71.000000
1503074242574,23a01af0-232a-4518-9c0e-323fb773f5ef,61902,48056,-75.000000,-77.000000
1503074242574,23a01af0-232a-4518-9c0e-323fb773f5ef,61902,48049,-75.000000,-82.000000
1503074242574,23a01af0-232a-4518-9c0e-323fb773f5ef,61902,48050,-75.000000,-79.000000
1503074242574,23a01af0-232a-4518-9c0e-323fb773f5ef,61902,48051,-75.000000,-79.000000
1503074242574,23a01af0-232a-4518-9c0e-323fb773f5ef,61902,48053,-75.000000,-78.000000
1503074242574,23a01af0-232a-4518-9c0e-323fb773f5ef,61902,48055,-75.000000,-76.000000
1503074242574,23a01af0-232a-4518-9c0e-323fb773f5ef,61902,48054,-75.000000,-71.000000
1503074242574,23a01af0-232a-4518-9c0e-323fb773f5ef,61902,48052,-75.000000,-72.000000
1503074243007,23a01af0-232a-4518-9c0e-323fb773f5ef,61902,48056,-75.000000,-76.000000
1503074243007,23a01af0-232a-4518-9c0e-323fb773f5ef,61902,48049,-75.000000,-82.000000
1503074243007,23a01af0-232a-4518-9c0e-323fb773f5ef,61902,48050,-75.000000,-78.000000
1503074243007,23a01af0-232a-4518-9c0e-323fb773f5ef,61902,48051,-75.000000,-79.000000
1503074243007,23a01af0-232a-4518-9c0e-323fb773f5ef,61902,48053,-75.000000,-73.000000
1503074243007,23a01af0-232a-4518-9c0e-323fb773f5ef,61902,48055,-75.000000,-76.000000
1503074243007,23a01af0-232a-4518-9c0e-323fb773f5ef,61902,48052,-75.000000,-73.000000
1503074243007,23a01af0-232a-4518-9c0e-323fb773f5ef,61902,48054,-75.000000,-72.000000
1503074243430,23a01af0-232a-4518-9c0e-323fb773f5ef,61902,48056,-75.000000,-77.000000
1503074243430,23a01af0-232a-4518-9c0e-323fb773f5ef,61902,48049,-75.000000,-81.000000
1503074243430,23a01af0-232a-4518-9c0e-323fb773f5ef,61902,48050,-75.000000,-78.000000
1503074243430,23a01af0-232a-4518-9c0e-323fb773f5ef,61902,48051,-75.000000,-76.000000
1503074243430,23a01af0-232a-4518-9c0e-323fb773f5ef,61902,48053,-75.000000,-81.000000
1503074243430,23a01af0-232a-4518-9c0e-323fb773f5ef,61902,48055,-75.000000,-75.000000
1503074243430,23a01af0-232a-4518-9c0e-323fb773f5ef,61902,48054,-75.000000,-71.000000
1503074243430,23a01af0-232a-4518-9c0e-323fb773f5ef,61902,48052,-75.000000,-70.000000
1503074243853,23a01af0-232a-4518-9c0e-323fb773f5ef,61902,48056,-75.000000,-81.000000
1503074243853,23a01af0-232a-4518-9c0e-323fb773f5ef,61902,48051,-75.000000,-77.000000
1503074243853,23a01af0-232a-4518-9c0e-323fb773f5ef,61902,48053,-75.000000,-74.000000
1503074243853,23a01af0-232a-4518-9c0e-323fb773f5ef,61902,48055,-75.000000,-88.000000
1503074243853,23a01af0-232a-4518-9c0e-323fb773f5ef,61902,48052,-75.000000,-77.000000
1503074243853,23a01af0-232a-4518-9c0e-323fb773f5ef,61902,48054,-75.000000,-73.000000
1503074244278,23a01af0-232a-4518-9c0e-323fb773f5ef,61902,48051,-75.000000,-76.000000
1503074244278,23a01af0-232a-4518-9c0e-323fb773f5ef,61902,48053,-75.000000,-77.000000
1503074244278,23a01af0-232a-4518-9c0e-323fb773f5ef,61902,48054,-75.000000,-75.000000
1503074244278,23a01af0-232a-4518-9c0e-323fb773f5ef,61902,48052,-75.000000,-78.000000
1503074244278,23a01af0-232a-4518-9c0e-323fb773f5ef,61902,48057,-75.000000,-84.000000
1503074244704,23a01af0-232a-4518-9c0e-323fb773f5ef,61902,48056,-75.000000,-79.000000
1503074244704,23a01af0-232a-4518-9c0e-323fb773f5ef,61902,48051,-75.000000,-76.000000
1503074244704,23a01af0-232a-4518-9c0e-323fb773f5ef,61902,48053,-75.000000,-76.000000
1503074244704,23a01af0-232a-4518-9c0e-323fb773f5ef,61902,48057,-75.000000,-84.000000
1503074244704,23a01af0-232a-4518-9c0e-323fb773f5ef,61902,48052,-75.000000,-77.000000
1503074244704,23a01af0-232a-4518-9c0e-323fb773f5ef,61902,48054,-75.000000,-74.000000
1503074245126,23a01af0-232a-4518-9c0e-323fb773f5ef,61902,48056,-75.000000,-73.000000
1503074245126,23a01af0-232a-4518-9c0e-323fb773f5ef,61902,48051,-75.000000,-77.000000
1503074245126,23a01af0-232a-4518-9c0e-323fb773f5ef,61902,48053,-75.000000,-81.000000
1503074245126,23a01af0-232a-4518-9c0e-323fb773f5ef,61902,48055,-75.000000,-83.000000
1503074245126,23a01af0-232a-4518-9c0e-323fb773f5ef,61902,48054,-75.000000,-76.000000
1503074245564,23a01af0-232a-4518-9c0e-323fb773f5ef,61902,48051,-75.000000,-76.000000
1503074245564,23a01af0-232a-4518-9c0e-323fb773f5ef,61902,48052,-75.000000,-79.000000
1503074245564,23a01af0-232a-4518-9c0e-323fb773f5ef,61902,48054,-75.000000,-77.000000
1503074246004,23a01af0-232a-4518-9c0e-323fb773f5ef,61902,48056,-75.000000,-83.000000
1503074246004,23a01af0-232a-4518-9c0e-323fb773f5ef,61902,48051,-75.000000,-78.000000
1503074246004,23a01af0-232a-4518-9c0e-323fb773f5ef,61902,48053,-75.000000,-79.000000
1503074246004,23a01af0-232a-4518-9c0e-323fb773f5ef,61902,48055,-75.000000,-82.000000
1503074246004,23a01af0-232a-4518-9c0e-323fb773f5ef,61902,48054,-75.000000,-75.000000
1503074246004,23a01af0-232a-4518-9c0e-323fb773f5ef,61902,48052,-75.000000,-73.000000
1503074246422,23a01af0-232a-4518-9c0e-323fb773f5ef,61902,48056,-75.000000,-82.000000
1503074246422,23a01af0-232a-4518-9c0e-323fb773f5ef,61902,48051,-75.000000,-78.000000
1503074246422,23a01af0-232a-4518-9c0e-323fb773f5ef,61902,48055,-75.000000,-79.000000
1503074246422,23a01af0-232a-4518-9c0e-323fb773f5ef,61902,48052,-75.000000,-70.000000
1503074246422,23a01af0-232a-4518-9c0e-323fb773f5ef,61902,48054,-75.000000,-73.000000
1503074246880,23a01af0-232a-4518-9c0e-323fb773f5ef,61902,48049,-75.000000,-85.000000
1503074246880,23a01af0-232a-4518-9c0e-323fb773f5ef,61902,48051,-75.000000,-76.000000
1503074246880,23a01af0-232a-4518-9c0e-323fb773f5ef,61902,48053,-75.000000,-76.000000
1503074246880,23a01af0-232a-4518-9c0e-323fb773f5ef,61902,48052,-75.000000,-75.000000
1503074247287,23a01af0-232a-4518-9c0e-323fb773f5ef,61902,48056,-75.000000,-79.000000
1503074247287,23a01af0-232a-4518-9c0e-323fb773f5ef,61902,48051,-75.000000,-76.000000
1503074247287,23a01af0-232a-4518-9c0e-323fb773f5ef,61902,48055,-75.000000,-79.000000
1503074247287,23a01af0-232a-4518-9c0e-323fb773f5ef,61902,48052,-75.000000,-75.000000
1503074247707,23a01af0-232a-4518-9c0e-323fb773f5ef,61902,48049,-75.000000,-84.000000
1503074247707,23a01af0-232a-4518-9c0e-323fb773f5ef,61902,48051,-75.000000,-77.000000
1503074247707,23a01af0-232a-4518-9c0e-323fb773f5ef,61902,48053,-75.000000,-76.000000
1503074247707,23a01af0-232a-4518-9c0e-323fb773f5ef,61902,48055,-75.000000,-95.000000
1503074247707,23a01af0-232a-4518-9c0e-323fb773f5ef,61902,48052,-75.000000,-76.000000
1503074247707,23a01af0-232a-4518-9c0e-323fb773f5ef,61902,48057,-75.000000,-82.000000
1503074248162,23a01af0-232a-4518-9c0e-323fb773f5ef,61902,48056,-75.000000,-81.000000
1503074248162,23a01af0-232a-4518-9c0e-323fb773f5ef,61902,48053,-75.000000,-77.000000
1503074248162,23a01af0-232a-4518-9c0e-323fb773f5ef,61902,48057,-75.000000,-85.000000
1503074248162,23a01af0-232a-4518-9c0e-323fb773f5ef,61902,48052,-75.000000,-76.000000
1503074248162,23a01af0-232a-4518-9c0e-323fb773f5ef,61902,48054,-75.000000,-82.000000
1503074248572,23a01af0-232a-4518-9c0e-323fb773f5ef,61902,48056,-75.000000,-79.000000
1503074248572,23a01af0-232a-4518-9c0e-323fb773f5ef,61902,48052,-75.000000,-70.000000
1503074249001,23a01af0-232a-4518-9c0e-323fb773f5ef,61902,48056,-75.000000,-77.000000
1503074249001,23a01af0-232a-4518-9c0e-323fb773f5ef,61902,48050,-75.000000,-76.000000
1503074249001,23a01af0-232a-4518-9c0e-323fb773f5ef,61902,48051,-75.000000,-74.000000
1503074249001,23a01af0-232a-4518-9c0e-323fb773f5ef,61902,48053,-75.000000,-79.000000
1503074249001,23a01af0-232a-4518-9c0e-323fb773f5ef,61902,48055,-75.000000,-73.000000
1503074249001,23a01af0-232a-4518-9c0e-323fb773f5ef,61902,48052,-75.000000,-68.000000
1503074249001,23a01af0-232a-4518-9c0e-323fb773f5ef,61902,48054,-75.000000,-73.000000
1503074249426,23a01af0-232a-4518-9c0e-323fb773f5ef,61902,48056,-75.000000,-80.000000
1503074249426,23a01af0-232a-4518-9c0e-323fb773f5ef,61902,48049,-75.000000,-90.000000
1503074249426,23a01af0-232a-4518-9c0e-323fb773f5ef,61902,48050,-75.000000,-78.000000
1503074249426,23a01af0-232a-4518-9c0e-323fb773f5ef,61902,48051,-75.000000,-75.000000
1503074249426,23a01af0-232a-4518-9c0e-323fb773f5ef,61902,48053,-75.000000,-85.000000
1503074249426,23a01af0-232a-4518-9c0e-323fb773f5ef,61902,48054,-75.000000,-73.000000
1503074249426,23a01af0-232a-4518-9c0e-323fb773f5ef,61902,48052,-75.000000,-71.000000
1503074249846,23a01af0-232a-4518-9c0e-323fb773f5ef,61902,48051,-75.000000,-73.000000
1503074249846,23a01af0-232a-4518-9c0e-323fb773f5ef,61902,48053,-75.000000,-79.000000
1503074249846,23a01af0-232a-4518-9c0e-323fb773f5ef,61902,48055,-75.000000,-77.000000
1503074249846,23a01af0-232a-4518-9c0e-323fb773f5ef,61902,48052,-75.000000,-69.000000
1503074249846,23a01af0-232a-4518-9c0e-323fb773f5ef,61902,48054,-75.000000,-74.000000
1503074250282,23a01af0-232a-4518-9c0e-323fb773f5ef,61902,48056,-75.000000,-79.000000
1503074250282,23a01af0-232a-4518-9c0e-323fb773f5ef,61902,48050,-75.000000,-78.000000
1503074250282,23a01af0-232a-4518-9c0e-323fb773f5ef,61902,48051,-75.000000,-73.000000
1503074250282,23a01af0-232a-4518-9c0e-323fb773f5ef,61902,48055,-75.000000,-76.000000
1503074250282,23a01af0-232a-4518-9c0e-323fb773f5ef,61902,48054,-75.000000,-71.000000
1503074250713,23a01af0-232a-4518-9c0e-323fb773f5ef,61902,48056,-75.000000,-78.000000
1503074250713,23a01af0-232a-4518-9c0e-323fb773f5ef,61902,48050,-75.000000,-80.000000
1503074250713,23a01af0-232a-4518-9c0e-323fb773f5ef,61902,48051,-75.000000,-73.000000
1503074250713,23a01af0-232a-4518-9c0e-323fb773f5ef,61902,48055,-75.000000,-77.000000
1503074250713,23a01af0-232a-4518-9c0e-323fb773f5ef,61902,48054,-75.000000,-74.000000
1503074251136,23a01af0-232a-4518-9c0e-323fb773f5ef,61902,48056,-75.000000,-79.000000
1503074251136,23a01af0-232a-4518-9c0e-323fb773f5ef,61902,48051,-75.000000,-73.000000
1503074251136,23a01af0-232a-4518-9c0e-323fb773f5ef,61902,48055,-75.000000,-76.000000
1503074251136,23a01af0-232a-4518-9c0e-323fb773f5ef,61902,48054,-75.000000,-73.000000
1503074251568,23a01af0-232a-4518-9c0e-323fb773f5ef,61902,48050,-75.000000,-81.000000
1503074251568,23a01af0-232a-4518-9c0e-323fb773f5ef,61902,48051,-75.000000,-72.000000
1503074251568,23a01af0-232a-4518-9c0e-323fb773f5ef,61902,48053,-75.000000,-82.000000
1503074251568,23a01af0-232a-4518-9c0e-323fb773f5ef,61902,48052,-75.000000,-68.000000
1503074251568,23a01af0-232a-4518-9c0e-323fb773f5ef,61902,48054,-75.000000,-73.000000
1503074251989,23a01af0-232a-4518-9c0e-323fb773f5ef,61902,48056,-75.000000,-81.000000
1503074251989,23a01af0-232a-4518-9c0e-323fb773f5ef,61902,48049,-75.000000,-82.000000
1503074251989,23a01af0-232a-4518-9c0e-323fb773f5ef,61902,48050,-75.000000,-81.000000
1503074251989,23a01af0-232a-4518-9c0e-323fb773f5ef,61902,48051,-75.000000,-74.000000
1503074251989,23a01af0-232a-4518-9c0e-323fb773f5ef,61902,48055,-75.000000,-76.000000
1503074251989,23a01af0-232a-4518-9c0e-323fb773f5ef,61902,48054,-75.000000,-74.000000
1503074251989,23a01af0-232a-4518-9c0e-323fb773f5ef,61902,48052,-75.000000,-69.000000
1503074252421,23a01af0-232a-4518-9c0e-323fb773f5ef,61902,48056,-75.000000,-79.000000
1503074252421,23a01af0-232a-4518-9c0e-323fb773f5ef,61902,48051,-75.000000,-75.000000
1503074252421,23a01af0-232a-4518-9c0e-323fb773f5ef,61902,48053,-75.000000,-79.000000
1503074252421,23a01af0-232a-4518-9c0e-323fb773f5ef,61902,48055,-75.000000,-70.000000
1503074252421,23a01af0-232a-4518-9c0e-323fb773f5ef,61902,48052,-75.000000,-69.000000
1503074252421,23a01af0-232a-4518-9c0e-323fb773f5ef,61902,48054,-75.000000,-72.000000
1503074252839,23a01af0-232a-4518-9c0e-323fb773f5ef,61902,48056,-75.000000,-84.000000
1503074252839,23a01af0-232a-4518-9c0e-323fb773f5ef,61902,48051,-75.000000,-74.000000
1503074252839,23a01af0-232a-4518-9c0e-323fb773f5ef,61902,48055,-75.000000,-78.000000
1503074252839,23a01af0-232a-4518-9c0e-323fb773f5ef,61902,48052,-75.000000,-71.000000
1503074252839,23a01af0-232a-4518-9c0e-323fb773f5ef,61902,48057,-75.000000,-81.000000
1503074253308,23a01af0-232a-4518-9c0e-323fb773f5ef,61902,48051,-75.000000,-73.000000
1503074253308,23a01af0-232a-4518-9c0e-323fb773f5ef,61902,48055,-75.000000,-80.000000
1503074253308,23a01af0-232a-4518-9c0e-323fb773f5ef,61902,48052,-75.000000,-76.000000
1503074253740,23a01af0-232a-4518-9c0e-323fb773f5ef,61902,48056,-75.000000,-81.000000
1503074253740,23a01af0-232a-4518-9c0e-323fb773f5ef,61902,48049,-75.000000,-84.000000
1503074253740,23a01af0-232a-4518-9c0e-323fb773f5ef,61902,48050,-75.000000,-75.000000
1503074253740,23a01af0-232a-4518-9c0e-323fb773f5ef,61902,48051,-75.000000,-75.000000
1503074253740,23a01af0-232a-4518-9c0e-323fb773f5ef,61902,48053,-75.000000,-72.000000
1503074253740,23a01af0-232a-4518-9c0e-323fb773f5ef,61902,48055,-75.000000,-78.000000
1503074253740,23a01af0-232a-4518-9c0e-323fb773f5ef,61902,48054,-75.000000,-70.000000
1503074253740,23a01af0-232a-4518-9c0e-323fb773f5ef,61902,48052,-75.000000,-73.000000
1503074254167,23a01af0-232a-4518-9c0e-323fb773f5ef,61902,48056,-75.000000,-83.000000
1503074254167,23a01af0-232a-4518-9c0e-323fb773f5ef,61902,48051,-75.000000,-74.000000
1503074254167,23a01af0-232a-4518-9c0e-323fb773f5ef,61902,48053,-75.000000,-70.000000
1503074254167,23a01af0-232a-4518-9c0e-323fb773f5ef,61902,48055,-75.000000,-80.000000
1503074254167,23a01af0-232a-4518-9c0e-323fb773f5ef,61902,48057,-75.000000,-83.000000
1503074254167,23a01af0-232a-4518-9c0e-323fb773f5ef,61902,48052,-75.000000,-72.000000
1503074254167,23a01af0-232a-4518-9c0e-323fb773f5ef,61902,48054,-75.000000,-71.000000
1503074254590,23a01af0-232a-4518-9c0e-323fb773f5ef,61902,48056,-75.000000,-80.000000
1503074254590,23a01af0-232a-4518-9c0e-323fb773f5ef,61902,48049,-75.000000,-85.000000
1503074254590,23a01af0-232a-4518-9c0e-323fb773f5ef,61902,48050,-75.000000,-77.000000
1503074254590,23a01af0-232a-4518-9c0e-323fb773f5ef,61902,48051,-75.000000,-74.000000
1503074254590,23a01af0-232a-4518-9c0e-323fb773f5ef,61902,48053,-75.000000,-69.000000
1503074254590,23a01af0-232a-4518-9c0e-323fb773f5ef,61902,48054,-75.000000,-70.000000
1503074254590,23a01af0-232a-4518-9c0e-323fb773f5ef,61902,48052,-75.000000,-77.000000
1503074254590,23a01af0-232a-4518-9c0e-323fb773f5ef,61902,48057,-75.000000,-83.000000
1503074255014,23a01af0-232a-4518-9c0e-323fb773f5ef,61902,48056,-75.000000,-79.000000
1503074255014,23a01af0-232a-4518-9c0e-323fb773f5ef,61902,48049,-75.000000,-82.000000
1503074255014,23a01af0-232a-4518-9c0e-323fb773f5ef,61902,48050,-75.000000,-77.000000
1503074255014,23a01af0-232a-4518-9c0e-323fb773f5ef,61902,48051,-75.000000,-72.000000
1503074255014,23a01af0-232a-4518-9c0e-323fb773f5ef,61902,48053,-75.000000,-69.000000
1503074255014,23a01af0-232a-4518-9c0e-323fb773f5ef,61902,48055,-75.000000,-83.000000
1503074255014,23a01af0-232a-4518-9c0e-323fb773f5ef,61902,48057,-75.000000,-83.000000
1503074255014,23a01af0-232a-4518-9c0e-323fb773f5ef,61902,48052,-75.000000,-83.000000
1503074255014,23a01af0-232a-4518-9c0e-323fb773f5ef,61902,48054,-75.000000,-71.000000
1503074255440,23a01af0-232a-4518-9c0e-323fb773f5ef,61902,48056,-75.000000,-76.000000
1503074255440,23a01af0-232a-4518-9c0e-323fb773f5ef,61902,48049,-75.000000,-80.000000
1503074255440,23a01af0-232a-4518-9c0e-323fb773f5ef,61902,48050,-75.000000,-75.000000
1503074255440,23a01af0-232a-4518-9c0e-323fb773f5ef,61902,48051,-75.000000,-74.000000
1503074255440,23a01af0-232a-4518-9c0e-323fb773f5ef,61902,48053,-75.000000,-74.000000
1503074255440,23a01af0-232a-4518-9c0e-323fb773f5ef,61902,48055,-75.000000,-78.000000
1503074255440,23a01af0-232a-4518-9c0e-323fb773f5ef,61902,48054,-75.000000,-69.000000
1503074255440,23a01af0-232a-4518-9c0e-323fb773f5ef,61902,48057,-75.000000,-83.000000
1503074255861,23a01af0-232a-4518-9c0e-323fb773f5ef,61902,48056,-75.000000,-78.000000
1503074255861,23a01af0-232a-4518-9c0e-323fb773f5ef,61902,48049,-75.000000,-84.000000
1503074255861,23a01af0-232a-4518-9c0e-323fb773f5ef,61902,48050,-75.000000,-75.000000
1503074255861,23a01af0-232a-4518-9c0e-323fb773f5ef,61902,48051,-75.000000,-74.000000
1503074255861,23a01af0-232a-4518-9c0e-323fb773f5ef,61902,48053,-75.000000,-70.000000
1503074255861,23a01af0-232a-4518-9c0e-323fb773f5ef,61902,48052,-75.000000,-76.000000
1503074255861,23a01af0-232a-4518-9c0e-323fb773f5ef,61902,48054,-75.000000,-68.000000
1503074256288,23a01af0-232a-4518-9c0e-323fb773f5ef,61902,48056,-75.000000,-80.000000
1503074256288,23a01af0-232a-4518-9c0e-323fb773f5ef,61902,48049,-75.000000,-82.000000
1503074256288,23a01af0-232a-4518-9c0e-323fb773f5ef,61902,48050,-75.000000,-77.000000
1503074256288,23a01af0-232a-4518-9c0e-323fb773f5ef,61902,48051,-75.000000,-74.000000
1503074256288,23a01af0-232a-4518-9c0e-323fb773f5ef,61902,48053,-75.000000,-77.000000
1503074256288,23a01af0-232a-4518-9c0e-323fb773f5ef,61902,48055,-75.000000,-78.000000
1503074256288,23a01af0-232a-4518-9c0e-323fb773f5ef,61902,48054,-75.000000,-68.000000
1503074256288,23a01af0-232a-4518-9c0e-323fb773f5ef,61902,48052,-75.000000,-73.000000
1503074256718,23a01af0-232a-4518-9c0e-323fb773f5ef,61902,48056,-75.000000,-79.000000
1503074256718,23a01af0-232a-4518-9c0e-323fb773f5ef,61902,48050,-75.000000,-75.000000
1503074256718,23a01af0-232a-4518-9c0e-323fb773f5ef,61902,48051,-75.000000,-73.000000
1503074256718,23a01af0-232a-4518-9c0e-323fb773f5ef,61902,48055,-75.000000,-78.000000
1503074256718,23a01af0-232a-4518-9c0e-323fb773f5ef,61902,48057,-75.000000,-84.000000
1503074256718,23a01af0-232a-4518-9c0e-323fb773f5ef,61902,48052,-75.000000,-73.000000
1503074257137,23a01af0-232a-4518-9c0e-323fb773f5ef,61902,48056,-75.000000,-77.000000
1503074257137,23a01af0-232a-4518-9c0e-323fb773f5ef,61902,48050,-75.000000,-83.000000
1503074257137,23a01af0-232a-4518-9c0e-323fb773f5ef,61902,48051,-75.000000,-78.000000
1503074257137,23a01af0-232a-4518-9c0e-323fb773f5ef,61902,48053,-75.000000,-73.000000
1503074257137,23a01af0-232a-4518-9c0e-323fb773f5ef,61902,48055,-75.000000,-82.000000
1503074257137,23a01af0-232a-4518-9c0e-323fb773f5ef,61902,48057,-75.000000,-83.000000
1503074257562,23a01af0-232a-4518-9c0e-323fb773f5ef,61902,48056,-75.000000,-79.000000
1503074257562,23a01af0-232a-4518-9c0e-323fb773f5ef,61902,48049,-75.000000,-82.000000
1503074257562,23a01af0-232a-4518-9c0e-323fb773f5ef,61902,48050,-75.000000,-81.000000
1503074257562,23a01af0-232a-4518-9c0e-323fb773f5ef,61902,48053,-75.000000,-75.000000
1503074257562,23a01af0-232a-4518-9c0e-323fb773f5ef,61902,48055,-75.000000,-79.000000
1503074257562,23a01af0-232a-4518-9c0e-323fb773f5ef,61902,48052,-75.000000,-74.000000
1503074257562,23a01af0-232a-4518-9c0e-323fb773f5ef,61902,48054,-75.000000,-68.000000
1503074257987,23a01af0-232a-4518-9c0e-323fb773f5ef,61902,48049,-75.000000,-88.000000
1503074257987,23a01af0-232a-4518-9c0e-323fb773f5ef,61902,48050,-75.000000,-79.000000
1503074257987,23a01af0-232a-4518-9c0e-323fb773f5ef,61902,48051,-75.000000,-76.000000
1503074257987,23a01af0-232a-4518-9c0e-323fb773f5ef,61902,48053,-75.000000,-70.000000
1503074257987,23a01af0-232a-4518-9c0e-323fb773f5ef,61902,48055,-75.000000,-81.000000
1503074257987,23a01af0-232a-4518-9c0e-323fb773f5ef,61902,48054,-75.000000,-70.000000
1503074257987,23a01af0-232a-4518-9c0e-323fb773f5ef,61902,48057,-75.000000,-84.000000
1503074258416,23a01af0-232a-4518-9c0e-323fb773f5ef,61902,48056,-75.000000,-77.000000
1503074258416,23a01af0-232a-4518-9c0e-323fb773f5ef,61902,48049,-75.000000,-85.000000
1503074258416,23a01af0-232a-4518-9c0e-323fb773f5ef,61902,48050,-75.000000,-75.000000
1503074258416,23a01af0-232a-4518-9c0e-323fb773f5ef,61902,48051,-75.000000,-78.000000
1503074258416,23a01af0-232a-4518-9c0e-323fb773f5ef,61902,48053,-75.000000,-71.000000
1503074258416,23a01af0-232a-4518-9c0e-323fb773f5ef,61902,48057,-75.000000,-84.000000
1503074258416,23a01af0-232a-4518-9c0e-323fb773f5ef,61902,48052,-75.000000,-75.000000
1503074258416,23a01af0-232a-4518-9c0e-323fb773f5ef,61902,48054,-75.000000,-68.000000
1503074258875,23a01af0-232a-4518-9c0e-323fb773f5ef,61902,48051,-75.000000,-78.000000
1503074258875,23a01af0-232a-4518-9c0e-323fb773f5ef,61902,48055,-75.000000,-77.000000
1503074258875,23a01af0-232a-4518-9c0e-323fb773f5ef,61902,48054,-75.000000,-74.000000
1503074258875,23a01af0-232a-4518-9c0e-323fb773f5ef,61902,48052,-75.000000,-75.000000
1503074258875,23a01af0-232a-4518-9c0e-323fb773f5ef,61902,48057,-75.000000,-81.000000
1503074259302,23a01af0-232a-4518-9c0e-323fb773f5ef,61902,48056,-75.000000,-80.000000
1503074259302,23a01af0-232a-4518-9c0e-323fb773f5ef,61902,48051,-75.000000,-80.000000
1503074259302,23a01af0-232a-4518-9c0e-323fb773f5ef,61902,48053,-75.000000,-76.000000
1503074259302,23a01af0-232a-4518-9c0e-323fb773f5ef,61902,48055,-75.000000,-78.000000
1503074259302,23a01af0-232a-4518-9c0e-323fb773f5ef,61902,48052,-75.000000,-78.000000
1503074259302,23a01af0-232a-4518-9c0e-323fb773f5ef,61902,48054,-75.000000,-79.000000
1503074259799,23a01af0-232a-4518-9c0e-323fb773f5ef,61902,48049,-75.000000,-91.000000
1503074259799,23a01af0-232a-4518-9c0e-323fb773f5ef,61902,48050,-75.000000,-89.000000
1503074259799,23a01af0-232a-4518-9c0e-323fb773f5ef,61902,48051,-75.000000,-79.000000
1503074259799,23a01af0-232a-4518-9c0e-323fb773f5ef,61902,48053,-75.000000,-82.000000
1503074259799,23a01af0-232a-4518-9c0e-323fb773f5ef,61902,48055,-75.000000,-79.000000
1503074259799,23a01af0-232a-4518-9c0e-323fb773f5ef,61902,48057,-75.000000,-81.000000
1503074260250,23a01af0-232a-4518-9c0e-323fb773f5ef,61902,48056,-75.000000,-82.000000
1503074260250,23a01af0-232a-4518-9c0e-323fb773f5ef,61902,48057,-75.000000,-81.000000
1503074260250,23a01af0-232a-4518-9c0e-323fb773f5ef,61902,48052,-75.000000,-77.000000
1503074260250,23a01af0-232a-4518-9c0e-323fb773f5ef,61902,48054,-75.000000,-76.000000
1503074260673,23a01af0-232a-4518-9c0e-323fb773f5ef,61902,48056,-75.000000,-82.000000
1503074260673,23a01af0-232a-4518-9c0e-323fb773f5ef,61902,48049,-75.000000,-89.000000
1503074260673,23a01af0-232a-4518-9c0e-323fb773f5ef,61902,48051,-75.000000,-78.000000
1503074260673,23a01af0-232a-4518-9c0e-323fb773f5ef,61902,48053,-75.000000,-77.000000
1503074260673,23a01af0-232a-4518-9c0e-323fb773f5ef,61902,48054,-75.000000,-75.000000
1503074260673,23a01af0-232a-4518-9c0e-323fb773f5ef,61902,48052,-75.000000,-74.000000
1503074260673,23a01af0-232a-4518-9c0e-323fb773f5ef,61902,48057,-75.000000,-81.000000
1503074261106,23a01af0-232a-4518-9c0e-323fb773f5ef,61902,48053,-75.000000,-75.000000
1503074261106,23a01af0-232a-4518-9c0e-323fb773f5ef,61902,48055,-75.000000,-77.000000
1503074261106,23a01af0-232a-4518-9c0e-323fb773f5ef,61902,48057,-75.000000,-89.000000
1503074261106,23a01af0-232a-4518-9c0e-323fb773f5ef,61902,48052,-75.000000,-78.000000
1503074261106,23a01af0-232a-4518-9c0e-323fb773f5ef,61902,48054,-75.000000,-75.000000
1503074261546,23a01af0-232a-4518-9c0e-323fb773f5ef,61902,48050,-75.000000,-85.000000
1503074261971,23a01af0-232a-4518-9c0e-323fb773f5ef,61902,48050,-75.000000,-84.000000
1503074261971,23a01af0-232a-4518-9c0e-323fb773f5ef,61902,48052,-75.000000,-75.000000
1503074262393,23a01af0-232a-4518-9c0e-323fb773f5ef,61902,48049,-75.000000,-83.000000
1503074262393,23a01af0-232a-4518-9c0e-323fb773f5ef,61902,48051,-75.000000,-79.000000
1503074262393,23a01af0-232a-4518-9c0e-323fb773f5ef,61902,48055,-75.000000,-80.000000
1503074262393,23a01af0-232a-4518-9c0e-323fb773f5ef,61902,48054,-75.000000,-82.000000
1503074262393,23a01af0-232a-4518-9c0e-323fb773f5ef,61902,48057,-75.000000,-85.000000
1503074262823,23a01af0-232a-4518-9c0e-323fb773f5ef,61902,48051,-75.000000,-81.000000
1503074262823,23a01af0-232a-4518-9c0e-323fb773f5ef,61902,48055,-75.000000,-73.000000
1503074263256,23a01af0-232a-4518-9c0e-323fb773f5ef,61902,48056,-75.000000,-78.000000
1503074263256,23a01af0-232a-4518-9c0e-323fb773f5ef,61902,48049,-75.000000,-83.000000
1503074263256,23a01af0-232a-4518-9c0e-323fb773f5ef,61902,48050,-75.000000,-87.000000
1503074263256,23a01af0-232a-4518-9c0e-323fb773f5ef,61902,48055,-75.000000,-73.000000
1503074263256,23a01af0-232a-4518-9c0e-323fb773f5ef,61902,48052,-75.000000,-74.000000
1503074263256,23a01af0-232a-4518-9c0e-323fb773f5ef,61902,48057,-75.000000,-83.000000
1503074263698,23a01af0-232a-4518-9c0e-323fb773f5ef,61902,48049,-75.000000,-79.000000
1503074263698,23a01af0-232a-4518-9c0e-323fb773f5ef,61902,48051,-75.000000,-81.000000
1503074263698,23a01af0-232a-4518-9c0e-323fb773f5ef,61902,48053,-75.000000,-75.000000
1503074263698,23a01af0-232a-4518-9c0e-323fb773f5ef,61902,48055,-75.000000,-73.000000
1503074263698,23a01af0-232a-4518-9c0e-323fb773f5ef,61902,48057,-75.000000,-76.000000
1503074264148,23a01af0-232a-4518-9c0e-323fb773f5ef,61902,48049,-75.000000,-78.000000
1503074264148,23a01af0-232a-4518-9c0e-323fb773f5ef,61902,48051,-75.000000,-75.000000
1503074264148,23a01af0-232a-4518-9c0e-323fb773f5ef,61902,48053,-75.000000,-76.000000
1503074264148,23a01af0-232a-4518-9c0e-323fb773f5ef,61902,48055,-75.000000,-73.000000
1503074264148,23a01af0-232a-4518-9c0e-323fb773f5ef,61902,48052,-75.000000,-64.000000
1503074264148,23a01af0-232a-4518-9c0e-323fb773f5ef,61902,48057,-75.000000,-82.000000
1503074264562,23a01af0-232a-4518-9c0e-323fb773f5ef,61902,48049,-75.000000,-78.000000
1503074264562,23a01af0-232a-4518-9c0e-323fb773f5ef,61902,48050,-75.000000,-76.000000
1503074264562,23a01af0-232a-4518-9c0e-323fb773f5ef,61902,48051,-75.000000,-73.000000
1503074264562,23a01af0-232a-4518-9c0e-323fb773f5ef,61902,48055,-75.000000,-77.000000
1503074264562,23a01af0-232a-4518-9c0e-323fb773f5ef,61902,48057,-75.000000,-83.000000
1503074264562,23a01af0-232a-4518-9c0e-323fb773f5ef,61902,48052,-75.000000,-64.000000
1503074264562,23a01af0-232a-4518-9c0e-323fb773f5ef,61902,48054,-75.000000,-75.000000
1503074264990,23a01af0-232a-4518-9c0e-323fb773f5ef,61902,48056,-75.000000,-83.000000
1503074264990,23a01af0-232a-4518-9c0e-323fb773f5ef,61902,48049,-75.000000,-80.000000
1503074264990,23a01af0-232a-4518-9c0e-323fb773f5ef,61902,48050,-75.000000,-84.000000
1503074264990,23a01af0-232a-4518-9c0e-323fb773f5ef,61902,48051,-75.000000,-72.000000
1503074264990,23a01af0-232a-4518-9c0e-323fb773f5ef,61902,48053,-75.000000,-79.000000
1503074264990,23a01af0-232a-4518-9c0e-323fb773f5ef,61902,48055,-75.000000,-78.000000
1503074264990,23a01af0-232a-4518-9c0e-323fb773f5ef,61902,48054,-75.000000,-74.000000
1503074264990,23a01af0-232a-4518-9c0e-323fb773f5ef,61902,48052,-75.000000,-67.000000
1503074264990,23a01af0-232a-4518-9c0e-323fb773f5ef,61902,48057,-75.000000,-78.000000
1503074265410,23a01af0-232a-4518-9c0e-323fb773f5ef,61902,48056,-75.000000,-78.000000
1503074265410,23a01af0-232a-4518-9c0e-323fb773f5ef,61902,48049,-75.000000,-81.000000
1503074265410,23a01af0-232a-4518-9c0e-323fb773f5ef,61902,48050,-75.000000,-80.000000
1503074265410,23a01af0-232a-4518-9c0e-323fb773f5ef,61902,48051,-75.000000,-74.000000
1503074265410,23a01af0-232a-4518-9c0e-323fb773f5ef,61902,48055,-75.000000,-70.000000
1503074265410,23a01af0-232a-4518-9c0e-323fb773f5ef,61902,48057,-75.000000,-82.000000
1503074265410,23a01af0-232a-4518-9c0e-323fb773f5ef,61902,48052,-75.000000,-65.000000
1503074265837,23a01af0-232a-4518-9c0e-323fb773f5ef,61902,48049,-75.000000,-78.000000
1503074265837,23a01af0-232a-4518-9c0e-323fb773f5ef,61902,48051,-75.000000,-73.000000
1503074265837,23a01af0-232a-4518-9c0e-323fb773f5ef,61902,48055,-75.000000,-75.000000
1503074265837,23a01af0-232a-4518-9c0e-323fb773f5ef,61902,48052,-75.000000,-64.000000
1503074265837,23a01af0-232a-4518-9c0e-323fb773f5ef,61902,48057,-75.000000,-83.000000
1503074266268,23a01af0-232a-4518-9c0e-323fb773f5ef,61902,48056,-75.000000,-79.000000
1503074266268,23a01af0-232a-4518-9c0e-323fb773f5ef,61902,48049,-75.000000,-81.000000
1503074266268,23a01af0-232a-4518-9c0e-323fb773f5ef,61902,48050,-75.000000,-80.000000
1503074266268,23a01af0-232a-4518-9c0e-323fb773f5ef,61902,48051,-75.000000,-75.000000
1503074266268,23a01af0-232a-4518-9c0e-323fb773f5ef,61902,48055,-75.000000,-75.000000
1503074266268,23a01af0-232a-4518-9c0e-323fb773f5ef,61902,48057,-75.000000,-81.000000
1503074266268,23a01af0-232a-4518-9c0e-323fb773f5ef,61902,48052,-75.000000,-65.000000
1503074266688,23a01af0-232a-4518-9c0e-323fb773f5ef,61902,48056,-75.000000,-74.000000
1503074266688,23a01af0-232a-4518-9c0e-323fb773f5ef,61902,48049,-75.000000,-82.000000
1503074266688,23a01af0-232a-4518-9c0e-323fb773f5ef,61902,48050,-75.000000,-86.000000
1503074266688,23a01af0-232a-4518-9c0e-323fb773f5ef,61902,48051,-75.000000,-76.000000
1503074266688,23a01af0-232a-4518-9c0e-323fb773f5ef,61902,48053,-75.000000,-81.000000
1503074266688,23a01af0-232a-4518-9c0e-323fb773f5ef,61902,48055,-75.000000,-80.000000
1503074266688,23a01af0-232a-4518-9c0e-323fb773f5ef,61902,48054,-75.000000,-75.000000
1503074266688,23a01af0-232a-4518-9c0e-323fb773f5ef,61902,48052,-75.000000,-70.000000
1503074267113,23a01af0-232a-4518-9c0e-323fb773f5ef,61902,48056,-75.000000,-78.000000
1503074267113,23a01af0-232a-4518-9c0e-323fb773f5ef,61902,48051,-75.000000,-74.000000
1503074267113,23a01af0-232a-4518-9c0e-323fb773f5ef,61902,48053,-75.000000,-78.000000
1503074267113,23a01af0-232a-4518-9c0e-323fb773f5ef,61902,48055,-75.000000,-78.000000
1503074267536,23a01af0-232a-4518-9c0e-323fb773f5ef,61902,48049,-75.000000,-86.000000
1503074267536,23a01af0-232a-4518-9c0e-323fb773f5ef,61902,48050,-75.000000,-80.000000
1503074267536,23a01af0-232a-4518-9c0e-323fb773f5ef,61902,48051,-75.000000,-76.000000
1503074267536,23a01af0-232a-4518-9c0e-323fb773f5ef,61902,48055,-75.000000,-77.000000
1503074267536,23a01af0-232a-4518-9c0e-323fb773f5ef,61902,48054,-75.000000,-75.000000
1503074267964,23a01af0-232a-4518-9c0e-323fb773f5ef,61902,48050,-75.000000,-83.000000
1503074267964,23a01af0-232a-4518-9c0e-323fb773f5ef,61902,48051,-75.000000,-76.000000
1503074267964,23a01af0-232a-4518-9c0e-323fb773f5ef,61902,48052,-75.000000,-77.000000
1503074267964,23a01af0-232a-4518-9c0e-323fb773f5ef,61902,48054,-75.000000,-76.000000
1503074268397,23a01af0-232a-4518-9c0e-323fb773f5ef,61902,48051,-75.000000,-75.000000
1503074268397,23a01af0-232a-4518-9c0e-323fb773f5ef,61902,48053,-75.000000,-80.000000
1503074268397,23a01af0-232a-4518-9c0e-323fb773f5ef,61902,48054,-75.000000,-75.000000
1503074268397,23a01af0-232a-4518-9c0e-323fb773f5ef,61902,48052,-75.000000,-73.000000
1503074268845,23a01af0-232a-4518-9c0e-323fb773f5ef,61902,48056,-75.000000,-77.000000
1503074268845,23a01af0-232a-4518-9c0e-323fb773f5ef,61902,48050,-75.000000,-77.000000
1503074268845,23a01af0-232a-4518-9c0e-323fb773f5ef,61902,48051,-75.000000,-77.000000
1503074268845,23a01af0-232a-4518-9c0e-323fb773f5ef,61902,48053,-75.000000,-68.000000
1503074268845,23a01af0-232a-4518-9c0e-323fb773f5ef,61902,48055,-75.000000,-79.000000
1503074268845,23a01af0-232a-4518-9c0e-323fb773f5ef,61902,48054,-75.000000,-72.000000
1503074269262,23a01af0-232a-4518-9c0e-323fb773f5ef,61902,48056,-75.000000,-77.000000
1503074269262,23a01af0-232a-4518-9c0e-323fb773f5ef,61902,48050,-75.000000,-78.000000
1503074269262,23a01af0-232a-4518-9c0e-323fb773f5ef,61902,48051,-75.000000,-77.000000
1503074269262,23a01af0-232a-4518-9c0e-323fb773f5ef,61902,48053,-75.000000,-68.000000
1503074269262,23a01af0-232a-4518-9c0e-323fb773f5ef,61902,48055,-75.000000,-77.000000
1503074269262,23a01af0-232a-4518-9c0e-323fb773f5ef,61902,48054,-75.000000,-73.000000
1503074269686,23a01af0-232a-4518-9c0e-323fb773f5ef,61902,48056,-75.000000,-77.000000
1503074269686,23a01af0-232a-4518-9c0e-323fb773f5ef,61902,48050,-75.000000,-77.000000
1503074269686,23a01af0-232a-4518-9c0e-323fb773f5ef,61902,48051,-75.000000,-78.000000
1503074269686,23a01af0-232a-4518-9c0e-323fb773f5ef,61902,48053,-75.000000,-67.000000
1503074269686,23a01af0-232a-4518-9c0e-323fb773f5ef,61902,48055,-75.000000,-79.000000
1503074269686,23a01af0-232a-4518-9c0e-323fb773f5ef,61902,48054,-75.000000,-71.000000
1503074270111,23a01af0-232a-4518-9c0e-323fb773f5ef,61902,48056,-75.000000,-76.000000
1503074270111,23a01af0-232a-4518-9c0e-323fb773f5ef,61902,48050,-75.000000,-79.000000
1503074270111,23a01af0-232a-4518-9c0e-323fb773f5ef,61902,48051,-75.000000,-79.000000
1503074270111,23a01af0-232a-4518-9c0e-323fb773f5ef,61902,48053,-75.000000,-68.000000
1503074270111,23a01af0-232a-4518-9c0e-323fb773f5ef,61902,48055,-75.000000,-79.000000
1503074270111,23a01af0-232a-4518-9c0e-323fb773f5ef,61902,48054,-75.000000,-71.000000
1503074270539,23a01af0-232a-4518-9c0e-323fb773f5ef,61902,48056,-75.000000,-79.000000
1503074270539,23a01af0-232a-4518-9c0e-323fb773f5ef,61902,48050,-75.000000,-78.000000
1503074270539,23a01af0-232a-4518-9c0e-323fb773f5ef,61902,48051,-75.000000,-77.000000
1503074270539,23a01af0-232a-4518-9c0e-323fb773f5ef,61902,48053,-75.000000,-74.000000
1503074270539,23a01af0-232a-4518-9c0e-323fb773f5ef,61902,48055,-75.000000,-80.000000
1503074270539,23a01af0-232a-4518-9c0e-323fb773f5ef,61902,48057,-75.000000,-80.000000
1503074270539,23a01af0-232a-4518-9c0e-323fb773f5ef,61902,48052,-75.000000,-74.000000
1503074270539,23a01af0-232a-4518-9c0e-323fb773f5ef,61902,48054,-75.000000,-70.000000
1503074270963,23a01af0-232a-4518-9c0e-323fb773f5ef,61902,48056,-75.000000,-77.000000
1503074270963,23a01af0-232a-4518-9c0e-323fb773f5ef,61902,48050,-75.000000,-81.000000
1503074270963,23a01af0-232a-4518-9c0e-323fb773f5ef,61902,48051,-75.000000,-78.000000
1503074270963,23a01af0-232a-4518-9c0e-323fb773f5ef,61902,48053,-75.000000,-67.000000
1503074270963,23a01af0-232a-4518-9c0e-323fb773f5ef,61902,48055,-75.000000,-78.000000
1503074270963,23a01af0-232a-4518-9c0e-323fb773f5ef,61902,48054,-75.000000,-70.000000
1503074270963,23a01af0-232a-4518-9c0e-323fb773f5ef,61902,48052,-75.000000,-73.000000
1503074270963,23a01af0-232a-4518-9c0e-323fb773f5ef,61902,48057,-75.000000,-81.000000
1503074271393,23a01af0-232a-4518-9c0e-323fb773f5ef,61902,48056,-75.000000,-76.000000
1503074271393,23a01af0-232a-4518-9c0e-323fb773f5ef,61902,48050,-75.000000,-82.000000
1503074271393,23a01af0-232a-4518-9c0e-323fb773f5ef,61902,48055,-75.000000,-76.000000
1503074271393,23a01af0-232a-4518-9c0e-323fb773f5ef,61902,48057,-75.000000,-87.000000
1503074271393,23a01af0-232a-4518-9c0e-323fb773f5ef,61902,48052,-75.000000,-74.000000
1503074271812,23a01af0-232a-4518-9c0e-323fb773f5ef,61902,48056,-75.000000,-76.000000
1503074271812,23a01af0-232a-4518-9c0e-323fb773f5ef,61902,48050,-75.000000,-80.000000
1503074271812,23a01af0-232a-4518-9c0e-323fb773f5ef,61902,48055,-75.000000,-77.000000
1503074271812,23a01af0-232a-4518-9c0e-323fb773f5ef,61902,48054,-75.000000,-67.000000
1503074271812,23a01af0-232a-4518-9c0e-323fb773f5ef,61902,48052,-75.000000,-74.000000
1503074272239,23a01af0-232a-4518-9c0e-323fb773f5ef,61902,48050,-75.000000,-79.000000
1503074272239,23a01af0-232a-4518-9c0e-323fb773f5ef,61902,48051,-75.000000,-75.000000
1503074272239,23a01af0-232a-4518-9c0e-323fb773f5ef,61902,48053,-75.000000,-73.000000
1503074272239,23a01af0-232a-4518-9c0e-323fb773f5ef,61902,48055,-75.000000,-78.000000
1503074272239,23a01af0-232a-4518-9c0e-323fb773f5ef,61902,48057,-75.000000,-82.000000
1503074272239,23a01af0-232a-4518-9c0e-323fb773f5ef,61902,48052,-75.000000,-73.000000
1503074272239,23a01af0-232a-4518-9c0e-323fb773f5ef,61902,48054,-75.000000,-71.000000
1503074272686,23a01af0-232a-4518-9c0e-323fb773f5ef,61902,48056,-75.000000,-77.000000
1503074272686,23a01af0-232a-4518-9c0e-323fb773f5ef,61902,48050,-75.000000,-78.000000
1503074272686,23a01af0-232a-4518-9c0e-323fb773f5ef,61902,48055,-75.000000,-80.000000
1503074272686,23a01af0-232a-4518-9c0e-323fb773f5ef,61902,48052,-75.000000,-70.000000
1503074272686,23a01af0-232a-4518-9c0e-323fb773f5ef,61902,48057,-75.000000,-81.000000
1503074273112,23a01af0-232a-4518-9c0e-323fb773f5ef,61902,48056,-75.000000,-76.000000
1503074273112,23a01af0-232a-4518-9c0e-323fb773f5ef,61902,48050,-75.000000,-76.000000
1503074273112,23a01af0-232a-4518-9c0e-323fb773f5ef,61902,48051,-75.000000,-76.000000
1503074273112,23a01af0-232a-4518-9c0e-323fb773f5ef,61902,48053,-75.000000,-77.000000
1503074273112,23a01af0-232a-4518-9c0e-323fb773f5ef,61902,48055,-75.000000,-82.000000
1503074273112,23a01af0-232a-4518-9c0e-323fb773f5ef,61902,48057,-75.000000,-80.000000
1503074273112,23a01af0-232a-4518-9c0e-323fb773f5ef,61902,48054,-75.000000,-72.000000
1503074273539,23a01af0-232a-4518-9c0e-323fb773f5ef,61902,48056,-75.000000,-77.000000
1503074273539,23a01af0-232a-4518-9c0e-323fb773f5ef,61902,48049,-75.000000,-88.000000
1503074273539,23a01af0-232a-4518-9c0e-323fb773f5ef,61902,48050,-75.000000,-76.000000
1503074273539,23a01af0-232a-4518-9c0e-323fb773f5ef,61902,48051,-75.000000,-76.000000
1503074273539,23a01af0-232a-4518-9c0e-323fb773f5ef,61902,48053,-75.000000,-76.000000
1503074273539,23a01af0-232a-4518-9c0e-323fb773f5ef,61902,48055,-75.000000,-80.000000
1503074273539,23a01af0-232a-4518-9c0e-323fb773f5ef,61902,48052,-75.000000,-72.000000
1503074273539,23a01af0-232a-4518-9c0e-323fb773f5ef,61902,48057,-75.000000,-81.000000
1503074273968,23a01af0-232a-4518-9c0e-323fb773f5ef,61902,48056,-75.000000,-83.000000
1503074273968,23a01af0-232a-4518-9c0e-323fb773f5ef,61902,48049,-75.000000,-84.000000
1503074273968,23a01af0-232a-4518-9c0e-323fb773f5ef,61902,48057,-75.000000,-82.000000
1503074273968,23a01af0-232a-4518-9c0e-323fb773f5ef,61902,48052,-75.000000,-75.000000
1503074274385,23a01af0-232a-4518-9c0e-323fb773f5ef,61902,48056,-75.000000,-82.000000
1503074274385,23a01af0-232a-4518-9c0e-323fb773f5ef,61902,48051,-75.000000,-76.000000
1503074274385,23a01af0-232a-4518-9c0e-323fb773f5ef,61902,48053,-75.000000,-79.000000
1503074274385,23a01af0-232a-4518-9c0e-323fb773f5ef,61902,48054,-75.000000,-77.000000
1503074274385,23a01af0-232a-4518-9c0e-323fb773f5ef,61902,48052,-75.000000,-76.000000
1503074274812,23a01af0-232a-4518-9c0e-323fb773f5ef,61902,48056,-75.000000,-79.000000
1503074274812,23a01af0-232a-4518-9c0e-323fb773f5ef,61902,48050,-75.000000,-81.000000
1503074274812,23a01af0-232a-4518-9c0e-323fb773f5ef,61902,48053,-75.000000,-79.000000
1503074274812,23a01af0-232a-4518-9c0e-323fb773f5ef,61902,48055,-75.000000,-78.000000
1503074274812,23a01af0-232a-4518-9c0e-323fb773f5ef,61902,48057,-75.000000,-83.000000
1503074274812,23a01af0-232a-4518-9c0e-323fb773f5ef,61902,48052,-75.000000,-72.000000
1503074274812,23a01af0-232a-4518-9c0e-323fb773f5ef,61902,48054,-75.000000,-75.000000
1503074275234,23a01af0-232a-4518-9c0e-323fb773f5ef,61902,48051,-75.000000,-79.000000
1503074275234,23a01af0-232a-4518-9c0e-323fb773f5ef,61902,48054,-75.000000,-72.000000
1503074275234,23a01af0-232a-4518-9c0e-323fb773f5ef,61902,48052,-75.000000,-70.000000
1503074275234,23a01af0-232a-4518-9c0e-323fb773f5ef,61902,48057,-75.000000,-76.000000
1503074275676,23a01af0-232a-4518-9c0e-323fb773f5ef,61902,48051,-75.000000,-79.000000
1503074275676,23a01af0-232a-4518-9c0e-323fb773f5ef,61902,48053,-75.000000,-84.000000
1503074275676,23a01af0-232a-4518-9c0e-323fb773f5ef,61902,48055,-75.000000,-74.000000
1503074275676,23a01af0-232a-4518-9c0e-323fb773f5ef,61902,48057,-75.000000,-83.000000
1503074275676,23a01af0-232a-4518-9c0e-323fb773f5ef,61902,48052,-75.000000,-77.000000
1503074275676,23a01af0-232a-4518-9c0e-323fb773f5ef,61902,48054,-75.000000,-82.000000
